Episode,Starting Position,Steps,Terminal State,Reward,Running Average
1,1 3,5,BOUNDARY,-101,-101.0
2,3 1,5,BOUNDARY,-100,-100.5
3,4 4,5,BOUNDARY,-100,-100.33333333333333
4,4 2,5,BOUNDARY,-100,-100.25
5,3 1,5,GOAL,100,-60.2
6,4 1,5,BOUNDARY,-100,-66.83333333333333
7,4 5,5,BOUNDARY,-100,-71.57142857142857
8,1 2,5,GOAL,100,-50.125
9,4 3,5,GOAL,100,-33.44444444444444
10,6 3,5,BOUNDARY,-102,-40.3
11,6 6,5,BOUNDARY,-106,-46.27272727272727
12,3 3,5,GOAL,100,-34.083333333333336
13,4 2,5,BOUNDARY,-100,-39.15384615384615
14,1 3,5,BOUNDARY,-102,-43.642857142857146
15,3 1,5,BOUNDARY,-100,-47.4
16,5 5,5,BOUNDARY,-102,-50.8125
17,5 3,5,BOUNDARY,-100,-53.705882352941174
18,1 1,5,BOUNDARY,-100,-56.27777777777778
19,6 5,5,BOUNDARY,-104,-58.78947368421053
20,1 1,5,BOUNDARY,-100,-60.85
21,5 6,5,BOUNDARY,-101,-62.76190476190476
22,4 1,5,BOUNDARY,-100,-64.45454545454545
23,6 5,5,BOUNDARY,-100,-66.0
24,5 5,5,BOUNDARY,-100,-67.41666666666667
25,1 1,5,BOUNDARY,-100,-68.72
26,2 5,5,GOAL,100,-62.23076923076923
27,1 2,5,BOUNDARY,-100,-63.629629629629626
28,1 6,5,BOUNDARY,-100,-64.92857142857143
29,2 2,5,GOAL,100,-59.241379310344826
30,6 1,5,BOUNDARY,-100,-60.6
31,1 3,5,BOUNDARY,-102,-61.935483870967744
32,4 6,5,BOUNDARY,-100,-63.125
33,6 1,5,BOUNDARY,-100,-64.24242424242425
34,3 6,5,BOUNDARY,-100,-65.29411764705883
35,1 5,5,BOUNDARY,-102,-66.34285714285714
36,5 2,5,BOUNDARY,-100,-67.27777777777777
37,5 6,5,BOUNDARY,-100,-68.16216216216216
38,6 1,5,BOUNDARY,-100,-69.0
39,2 5,5,GOAL,100,-64.66666666666667
40,4 4,5,BOUNDARY,-100,-65.55
41,6 5,5,BOUNDARY,-100,-66.39024390243902
42,6 1,5,BOUNDARY,-100,-67.19047619047619
43,3 4,5,BOUNDARY,-100,-67.95348837209302
44,1 4,5,BOUNDARY,-100,-68.68181818181819
45,3 6,5,BOUNDARY,-102,-69.42222222222222
46,1 2,5,BOUNDARY,-100,-70.08695652173913
47,3 6,5,BOUNDARY,-100,-70.72340425531915
48,3 3,5,BOUNDARY,-100,-71.33333333333333
49,5 5,5,BOUNDARY,-100,-71.91836734693878
50,1 4,5,BOUNDARY,-100,-72.48
51,5 5,5,BOUNDARY,-102,-73.05882352941177
52,4 4,5,BOUNDARY,-100,-73.57692307692308
53,1 1,5,BOUNDARY,-100,-74.0754716981132
54,3 3,5,BOUNDARY,-100,-74.55555555555556
55,5 6,5,BOUNDARY,-100,-75.01818181818182
56,4 2,5,BOUNDARY,-100,-75.46428571428571
57,6 5,5,BOUNDARY,-100,-75.89473684210526
58,6 5,5,BOUNDARY,-100,-76.3103448275862
59,2 4,5,GOAL,100,-73.32203389830508
60,3 4,5,BOUNDARY,-100,-73.76666666666667
61,6 3,5,BOUNDARY,-100,-74.19672131147541
62,3 2,5,BOUNDARY,-102,-74.64516129032258
63,2 4,5,GOAL,100,-71.87301587301587
64,1 1,5,BOUNDARY,-100,-72.3125
65,1 4,5,BOUNDARY,-100,-72.73846153846154
66,5 4,5,BOUNDARY,-100,-73.15151515151516
67,2 5,5,GOAL,100,-70.56716417910448
68,3 3,5,BOUNDARY,-100,-71.0
69,4 1,5,BOUNDARY,-100,-71.42028985507247
70,6 3,5,BOUNDARY,-100,-71.82857142857142
71,2 4,5,GOAL,100,-69.40845070422536
72,5 2,5,BOUNDARY,-100,-69.83333333333333
73,1 4,5,BOUNDARY,-100,-70.24657534246575
74,3 1,5,BOUNDARY,-100,-70.64864864864865
75,1 1,5,BOUNDARY,-100,-71.04
76,2 1,5,BOUNDARY,-100,-71.42105263157895
77,3 3,5,BOUNDARY,-100,-71.79220779220779
78,5 4,5,BOUNDARY,-100,-72.15384615384616
79,3 1,5,BOUNDARY,-100,-72.50632911392405
80,6 5,5,BOUNDARY,-100,-72.85
81,3 5,5,BOUNDARY,-101,-73.19753086419753
82,5 4,5,BOUNDARY,-100,-73.52439024390245
83,6 2,5,BOUNDARY,-100,-73.8433734939759
84,1 3,5,BOUNDARY,-101,-74.16666666666667
85,1 3,5,BOUNDARY,-102,-74.49411764705883
86,1 1,5,BOUNDARY,-100,-74.79069767441861
87,6 3,5,BOUNDARY,-100,-75.08045977011494
88,4 5,5,BOUNDARY,-104,-75.4090909090909
89,5 4,5,BOUNDARY,-100,-75.68539325842697
90,2 6,5,BOUNDARY,-109,-76.05555555555556
91,4 4,5,BOUNDARY,-100,-76.31868131868131
92,4 6,5,BOUNDARY,-101,-76.58695652173913
93,3 4,5,GOAL,97,-74.72043010752688
94,2 6,5,GOAL,100,-72.86170212765957
95,3 1,5,BOUNDARY,-100,-73.14736842105263
96,3 1,5,BOUNDARY,-101,-73.4375
97,6 2,5,BOUNDARY,-101,-73.72164948453609
98,5 2,5,BOUNDARY,-100,-73.98979591836735
99,4 5,5,BOUNDARY,-100,-74.25252525252525
100,3 5,5,BOUNDARY,-100,-74.51
101,3 4,5,BOUNDARY,-108,-74.84158415841584
102,3 6,5,GOAL,98,-73.1470588235294
103,5 5,5,STEPS,-16,-72.59223300970874
104,4 5,5,BOUNDARY,-103,-72.88461538461539
105,2 1,5,BOUNDARY,-100,-73.14285714285714
106,1 2,5,GOAL,100,-71.50943396226415
107,6 5,5,GOAL,89,-70.00934579439253
108,2 3,5,BOUNDARY,-101,-70.29629629629629
109,4 2,5,GOAL,100,-68.73394495412845
110,3 4,5,GOAL,100,-67.2
111,1 2,5,BOUNDARY,-100,-67.49549549549549
112,2 1,5,GOAL,100,-66.0
113,4 5,5,BOUNDARY,-101,-66.30973451327434
114,2 2,5,GOAL,100,-64.85087719298245
115,1 3,5,BOUNDARY,-100,-65.15652173913044
116,6 3,5,BOUNDARY,-102,-65.47413793103448
117,3 1,5,GOAL,100,-64.05982905982906
118,3 4,5,GOAL,100,-62.66949152542373
119,2 1,5,GOAL,100,-61.30252100840336
120,6 1,5,BOUNDARY,-104,-61.65833333333333
121,4 3,5,GOAL,95,-60.36363636363637
122,6 6,5,BOUNDARY,-100,-60.68852459016394
123,4 5,5,GOAL,98,-59.39837398373984
124,1 4,5,BOUNDARY,-102,-59.74193548387097
125,1 5,5,BOUNDARY,-102,-60.08
126,5 2,5,BOUNDARY,-103,-60.42063492063492
127,1 4,5,BOUNDARY,-100,-60.732283464566926
128,6 6,5,GOAL,99,-59.484375
129,1 2,5,BOUNDARY,-101,-59.8062015503876
130,2 4,5,GOAL,100,-58.57692307692308
131,6 2,5,BOUNDARY,-100,-58.89312977099237
132,4 1,5,GOAL,100,-57.68939393939394
133,3 4,5,BOUNDARY,-100,-58.00751879699248
134,1 2,5,BOUNDARY,-101,-58.32835820895522
135,5 1,5,GOAL,87,-57.25185185185185
136,6 1,5,GOAL,90,-56.169117647058826
137,5 6,5,GOAL,93,-55.08029197080292
138,5 4,5,GOAL,95,-53.992753623188406
139,2 6,5,GOAL,100,-52.884892086330936
140,2 4,5,GOAL,100,-51.792857142857144
141,6 2,5,GOAL,93,-50.765957446808514
142,2 2,5,GOAL,100,-49.70422535211268
143,5 4,5,GOAL,97,-48.67832167832168
144,6 3,5,GOAL,97,-47.666666666666664
145,2 3,5,GOAL,100,-46.648275862068964
146,4 1,5,GOAL,100,-45.64383561643836
147,4 4,5,GOAL,100,-44.6530612244898
148,2 3,5,GOAL,100,-43.67567567567568
149,5 5,5,GOAL,94,-42.75167785234899
150,6 4,5,GOAL,100,-41.8
151,4 6,5,GOAL,100,-40.86092715231788
152,4 6,5,GOAL,100,-39.93421052631579
153,3 2,5,GOAL,99,-39.02614379084967
154,5 4,5,GOAL,99,-38.12987012987013
155,3 5,5,BOUNDARY,-104,-38.55483870967742
156,5 4,5,BOUNDARY,-102,-38.96153846153846
157,1 5,5,BOUNDARY,-100,-39.35031847133758
158,1 2,5,BOUNDARY,-100,-39.734177215189874
159,3 5,5,BOUNDARY,-100,-40.113207547169814
160,4 6,5,BOUNDARY,-100,-40.4875
161,2 1,5,GOAL,100,-39.61490683229814
162,4 3,5,GOAL,100,-38.75308641975309
163,1 3,5,BOUNDARY,-101,-39.13496932515337
164,5 1,5,GOAL,100,-38.28658536585366
165,1 5,5,GOAL,100,-37.448484848484846
166,2 1,5,BOUNDARY,-100,-37.825301204819276
167,6 3,5,GOAL,100,-37.0
168,1 3,5,BOUNDARY,-100,-37.375
169,1 5,5,BOUNDARY,-101,-37.751479289940825
170,4 1,5,BOUNDARY,-100,-38.11764705882353
171,1 1,5,BOUNDARY,-100,-38.47953216374269
172,3 2,5,GOAL,100,-37.674418604651166
173,4 6,5,GOAL,100,-36.87861271676301
174,2 1,5,BOUNDARY,-100,-37.241379310344826
175,2 1,5,GOAL,100,-36.457142857142856
176,1 1,5,BOUNDARY,-100,-36.81818181818182
177,6 1,5,GOAL,100,-36.045197740113
178,1 6,5,BOUNDARY,-100,-36.40449438202247
179,2 3,5,GOAL,100,-35.642458100558656
180,2 1,5,BOUNDARY,-100,-36.0
181,4 3,5,BOUNDARY,-101,-36.35911602209945
182,2 1,5,BOUNDARY,-100,-36.70879120879121
183,6 4,5,BOUNDARY,-100,-37.05464480874317
184,5 1,5,GOAL,100,-36.30978260869565
185,6 2,5,GOAL,100,-35.57297297297297
186,5 2,5,BOUNDARY,-103,-35.935483870967744
187,6 2,5,GOAL,100,-35.20855614973262
188,1 6,5,BOUNDARY,-100,-35.5531914893617
189,4 2,5,GOAL,100,-34.835978835978835
190,3 1,5,GOAL,100,-34.126315789473686
191,6 6,5,GOAL,89,-33.481675392670155
192,5 3,5,GOAL,98,-32.796875
193,2 1,5,GOAL,100,-32.10880829015544
194,4 2,5,GOAL,100,-31.427835051546392
195,5 5,5,GOAL,100,-30.753846153846155
196,2 1,5,GOAL,99,-30.091836734693878
197,5 6,5,GOAL,99,-29.436548223350254
198,3 4,5,GOAL,100,-28.782828282828284
199,3 1,5,GOAL,100,-28.1356783919598
200,2 3,5,GOAL,100,-27.495
201,3 1,5,GOAL,98,-26.870646766169155
202,4 4,5,GOAL,100,-26.242574257425744
203,3 6,5,GOAL,100,-25.620689655172413
204,1 1,5,GOAL,99,-25.00980392156863
205,2 1,5,GOAL,87,-24.463414634146343
206,2 5,5,GOAL,98,-23.868932038834952
207,6 6,5,GOAL,92,-23.309178743961354
208,2 3,5,GOAL,95,-22.740384615384617
209,6 3,5,GOAL,100,-22.15311004784689
210,1 5,5,BOUNDARY,-102,-22.533333333333335
211,4 6,5,GOAL,99,-21.95734597156398
212,6 5,5,GOAL,98,-21.391509433962263
213,3 5,5,GOAL,100,-20.821596244131456
214,6 1,5,GOAL,100,-20.257009345794394
215,1 1,5,BOUNDARY,-119,-20.71627906976744
216,4 5,5,GOAL,99,-20.162037037037038
217,5 6,5,GOAL,100,-19.608294930875577
218,3 3,5,GOAL,100,-19.059633027522935
219,6 5,5,GOAL,100,-18.515981735159816
220,2 1,5,GOAL,100,-17.977272727272727
221,1 3,5,GOAL,95,-17.466063348416288
222,6 3,5,GOAL,100,-16.936936936936938
223,4 6,5,GOAL,100,-16.41255605381166
224,6 5,5,GOAL,100,-15.892857142857142
225,6 1,5,BOUNDARY,-111,-16.315555555555555
226,2 3,5,GOAL,100,-15.800884955752212
227,1 1,5,GOAL,99,-15.295154185022026
228,5 4,5,GOAL,100,-14.789473684210526
229,2 6,5,GOAL,100,-14.2882096069869
230,3 5,5,GOAL,100,-13.791304347826086
231,5 5,5,GOAL,100,-13.2987012987013
232,5 3,5,GOAL,100,-12.810344827586206
233,2 5,5,GOAL,100,-12.32618025751073
234,5 3,5,GOAL,100,-11.846153846153847
235,3 3,5,GOAL,100,-11.370212765957447
236,5 4,5,BOUNDARY,-104,-11.76271186440678
237,5 6,5,GOAL,100,-11.291139240506329
238,3 3,5,GOAL,100,-10.823529411764707
239,4 1,5,GOAL,100,-10.359832635983263
240,2 2,5,GOAL,100,-9.9
241,2 5,5,GOAL,100,-9.443983402489627
242,2 1,5,GOAL,91,-9.02892561983471
243,4 1,5,BOUNDARY,-100,-9.40329218106996
244,2 6,5,GOAL,100,-8.954918032786885
245,5 4,5,GOAL,100,-8.510204081632653
246,2 6,5,GOAL,100,-8.06910569105691
247,2 4,5,GOAL,100,-7.631578947368421
248,1 1,5,BOUNDARY,-100,-8.004032258064516
249,1 5,5,BOUNDARY,-103,-8.385542168674698
250,3 4,5,GOAL,100,-7.952
251,3 3,5,GOAL,99,-7.52589641434263
252,2 1,5,GOAL,99,-7.103174603174603
253,3 3,5,GOAL,100,-6.679841897233201
254,5 3,5,GOAL,100,-6.25984251968504
255,6 5,5,GOAL,98,-5.850980392156862
256,1 1,5,GOAL,100,-5.4375
257,4 6,5,GOAL,100,-5.027237354085603
258,4 1,5,GOAL,100,-4.62015503875969
259,4 1,5,GOAL,97,-4.227799227799228
260,1 5,5,BOUNDARY,-109,-4.630769230769231
261,6 2,5,GOAL,99,-4.233716475095785
262,6 5,5,GOAL,100,-3.83587786259542
263,5 1,5,BOUNDARY,-100,-4.201520912547529
264,4 6,5,GOAL,97,-3.8181818181818183
265,3 2,5,GOAL,100,-3.4264150943396228
266,3 5,5,GOAL,96,-3.0526315789473686
267,5 1,5,BOUNDARY,-107,-3.4419475655430714
268,2 5,5,GOAL,100,-3.0559701492537314
269,5 1,5,GOAL,98,-2.680297397769517
270,3 1,5,GOAL,100,-2.3
271,3 1,5,GOAL,99,-1.9261992619926198
272,1 1,5,BOUNDARY,-100,-2.286764705882353
273,3 1,5,GOAL,99,-1.9157509157509158
274,1 4,5,GOAL,96,-1.5583941605839415
275,1 4,5,GOAL,100,-1.1890909090909092
276,6 5,5,GOAL,100,-0.822463768115942
277,2 2,5,GOAL,100,-0.4584837545126354
278,3 5,5,GOAL,98,-0.10431654676258993
279,3 5,5,GOAL,99,0.25089605734767023
280,4 3,5,GOAL,100,0.6071428571428571
281,6 4,5,GOAL,100,0.9608540925266904
282,3 1,5,GOAL,99,1.3085106382978724
283,5 4,5,GOAL,98,1.6501766784452296
284,6 5,5,GOAL,97,1.9859154929577465
285,1 6,5,GOAL,96,2.3157894736842106
286,5 2,5,GOAL,100,2.6573426573426575
287,5 2,5,GOAL,100,2.9965156794425085
288,6 4,5,GOAL,100,3.3333333333333335
289,6 6,5,BOUNDARY,-109,2.944636678200692
290,4 6,5,GOAL,100,3.279310344827586
291,2 5,5,GOAL,100,3.611683848797251
292,4 1,5,BOUNDARY,-100,3.256849315068493
293,4 4,5,GOAL,100,3.5870307167235493
294,6 1,5,GOAL,100,3.9149659863945576
295,5 1,5,BOUNDARY,-103,3.552542372881356
296,5 5,5,GOAL,100,3.8783783783783785
297,1 1,5,BOUNDARY,-103,3.5185185185185186
298,2 5,5,GOAL,100,3.8422818791946307
299,2 3,5,GOAL,100,4.1638795986622075
300,2 4,5,GOAL,100,4.483333333333333
301,3 1,5,BOUNDARY,-100,4.136212624584718
302,2 2,5,GOAL,100,4.453642384105961
303,4 3,5,GOAL,100,4.768976897689769
304,4 6,5,GOAL,100,5.082236842105263
305,4 3,5,GOAL,100,5.39344262295082
306,6 3,5,GOAL,100,5.7026143790849675
307,1 1,5,BOUNDARY,-107,5.335504885993485
308,1 1,5,GOAL,98,5.636363636363637
309,3 2,5,GOAL,100,5.941747572815534
310,4 5,5,GOAL,100,6.245161290322581
311,3 5,5,GOAL,100,6.546623794212219
312,1 6,5,BOUNDARY,-100,6.205128205128205
313,5 2,5,GOAL,100,6.50479233226837
314,4 5,5,GOAL,100,6.802547770700637
315,3 1,5,GOAL,98,7.092063492063492
316,2 1,5,GOAL,95,7.370253164556962
317,6 3,5,GOAL,100,7.662460567823344
318,1 1,5,STEPS,-28,7.550314465408805
319,6 4,5,GOAL,100,7.84012539184953
320,1 6,5,BOUNDARY,-100,7.503125
321,2 6,5,GOAL,99,7.788161993769471
322,6 6,5,GOAL,96,8.062111801242237
323,4 6,5,GOAL,93,8.325077399380804
324,3 6,5,GOAL,88,8.570987654320987
325,3 6,5,GOAL,100,8.852307692307692
326,6 1,5,GOAL,99,9.128834355828221
327,6 2,5,GOAL,100,9.406727828746178
328,2 2,5,GOAL,100,9.682926829268293
329,6 1,5,GOAL,100,9.957446808510639
330,3 6,5,GOAL,100,10.23030303030303
331,6 5,5,GOAL,100,10.501510574018127
332,6 4,5,GOAL,94,10.75301204819277
333,6 2,5,GOAL,100,11.02102102102102
334,1 6,5,GOAL,94,11.269461077844312
335,3 1,5,GOAL,100,11.534328358208954
336,3 3,5,GOAL,100,11.797619047619047
337,1 6,5,GOAL,100,12.059347181008903
338,2 4,5,GOAL,100,12.319526627218934
339,1 5,5,GOAL,94,12.56047197640118
340,5 5,5,GOAL,100,12.81764705882353
341,3 3,5,GOAL,100,13.073313782991203
342,6 2,5,GOAL,100,13.32748538011696
343,6 4,5,GOAL,100,13.580174927113703
344,3 2,5,GOAL,100,13.831395348837209
345,1 5,5,GOAL,99,14.078260869565218
346,5 1,5,GOAL,100,14.326589595375722
347,5 2,5,GOAL,100,14.573487031700289
348,5 5,5,GOAL,100,14.818965517241379
349,2 1,5,GOAL,100,15.063037249283667
350,1 2,5,GOAL,98,15.3
351,6 6,5,GOAL,99,15.538461538461538
352,5 4,5,GOAL,100,15.778409090909092
353,5 1,5,GOAL,100,16.01699716713881
354,1 1,5,GOAL,100,16.25423728813559
355,3 6,5,GOAL,100,16.49014084507042
356,4 1,5,GOAL,100,16.724719101123597
357,1 1,5,GOAL,99,16.955182072829132
358,1 5,5,GOAL,100,17.187150837988828
359,5 5,5,GOAL,100,17.41782729805014
360,2 6,5,GOAL,100,17.647222222222222
361,5 4,5,GOAL,100,17.87534626038781
362,5 2,5,GOAL,100,18.10220994475138
363,2 2,5,GOAL,100,18.327823691460054
364,3 3,5,GOAL,100,18.552197802197803
365,4 1,5,GOAL,100,18.775342465753425
366,5 5,5,GOAL,100,18.997267759562842
367,3 5,5,GOAL,100,19.21798365122616
368,3 6,5,GOAL,100,19.4375
369,1 2,5,STEPS,-28,19.308943089430894
370,4 1,5,BOUNDARY,-100,18.986486486486488
371,4 4,5,GOAL,100,19.204851752021565
372,1 6,5,GOAL,97,19.413978494623656
373,2 2,5,GOAL,100,19.630026809651476
374,1 5,5,GOAL,89,19.815508021390375
375,3 1,5,GOAL,100,20.029333333333334
376,2 4,5,GOAL,100,20.242021276595743
377,5 4,5,GOAL,100,20.453580901856764
378,5 5,5,GOAL,99,20.66137566137566
379,6 2,5,GOAL,98,20.86543535620053
380,6 4,5,GOAL,96,21.063157894736843
381,5 1,5,GOAL,100,21.27034120734908
382,6 4,5,GOAL,100,21.476439790575917
383,4 1,5,GOAL,89,21.652741514360315
384,3 1,5,GOAL,100,21.856770833333332
385,1 5,5,GOAL,100,22.05974025974026
386,1 1,5,GOAL,100,22.261658031088082
387,2 6,5,GOAL,100,22.462532299741603
388,5 4,5,GOAL,100,22.662371134020617
389,6 3,5,GOAL,100,22.861182519280206
390,5 5,5,GOAL,100,23.05897435897436
391,4 3,5,GOAL,100,23.255754475703323
392,1 3,5,GOAL,97,23.443877551020407
393,2 1,5,GOAL,100,23.638676844783713
394,5 2,5,GOAL,100,23.83248730964467
395,5 2,5,GOAL,100,24.025316455696203
396,5 6,5,GOAL,100,24.217171717171716
397,1 1,5,GOAL,97,24.40050377833753
398,2 3,5,GOAL,100,24.59045226130653
399,5 2,5,GOAL,100,24.779448621553886
400,5 5,5,GOAL,97,24.96
401,4 3,5,GOAL,98,25.14214463840399
402,2 3,5,GOAL,100,25.328358208955223
403,5 1,5,GOAL,100,25.5136476426799
404,4 3,5,GOAL,100,25.698019801980198
405,1 2,5,GOAL,99,25.879012345679012
406,4 1,5,GOAL,100,26.061576354679804
407,3 5,5,GOAL,100,26.243243243243242
408,2 4,5,GOAL,100,26.42401960784314
409,5 5,5,GOAL,100,26.6039119804401
410,5 3,5,GOAL,100,26.78292682926829
411,6 5,5,GOAL,100,26.961070559610704
412,4 2,5,GOAL,100,27.138349514563107
413,1 4,5,GOAL,99,27.312348668280872
414,3 2,5,GOAL,100,27.48792270531401
415,3 2,5,GOAL,100,27.662650602409638
416,6 2,5,GOAL,100,27.83653846153846
417,2 1,5,GOAL,100,28.00959232613909
418,2 2,5,GOAL,100,28.181818181818183
419,5 5,5,GOAL,100,28.353221957040574
420,2 1,5,GOAL,100,28.523809523809526
421,5 1,5,GOAL,100,28.693586698337292
422,1 5,5,GOAL,94,28.848341232227487
423,1 1,5,GOAL,100,29.016548463356973
424,1 3,5,GOAL,100,29.183962264150942
425,1 2,5,GOAL,100,29.35058823529412
426,1 2,5,GOAL,100,29.516431924882628
427,4 4,5,GOAL,95,29.669789227166277
428,6 2,5,GOAL,100,29.83411214953271
429,1 2,5,GOAL,99,29.995337995337994
430,3 4,5,GOAL,100,30.15813953488372
431,3 6,5,GOAL,100,30.320185614849187
432,3 5,5,GOAL,100,30.48148148148148
433,1 4,5,GOAL,100,30.64203233256351
434,2 3,5,GOAL,100,30.80184331797235
435,4 6,5,GOAL,100,30.960919540229884
436,2 1,5,GOAL,100,31.119266055045873
437,3 1,5,GOAL,100,31.276887871853546
438,3 2,5,GOAL,100,31.4337899543379
439,3 4,5,GOAL,99,31.5876993166287
440,1 4,5,GOAL,100,31.743181818181817
441,5 1,5,GOAL,100,31.897959183673468
442,4 3,5,GOAL,100,32.05203619909502
443,2 5,5,GOAL,100,32.205417607223474
444,2 6,5,GOAL,100,32.358108108108105
445,3 3,5,GOAL,100,32.51011235955056
446,5 6,5,GOAL,100,32.66143497757847
447,5 4,5,GOAL,100,32.81208053691275
448,1 1,5,GOAL,100,32.96205357142857
449,1 4,5,GOAL,100,33.11135857461024
450,4 3,5,GOAL,100,33.26
451,6 6,5,GOAL,100,33.4079822616408
452,1 2,5,GOAL,98,33.55088495575221
453,3 1,5,GOAL,100,33.69757174392936
454,3 2,5,GOAL,100,33.84361233480176
455,4 4,5,GOAL,100,33.989010989010985
456,6 1,5,GOAL,100,34.13377192982456
457,4 4,5,GOAL,100,34.27789934354486
458,1 2,5,GOAL,93,34.4061135371179
459,1 4,5,GOAL,100,34.549019607843135
460,5 3,5,GOAL,100,34.69130434782609
461,2 5,5,GOAL,100,34.83297180043384
462,2 5,5,GOAL,100,34.97402597402598
463,6 4,5,GOAL,100,35.114470842332615
464,5 3,5,GOAL,100,35.25431034482759
465,4 6,5,GOAL,100,35.39354838709677
466,4 6,5,GOAL,100,35.532188841201716
467,4 3,5,GOAL,100,35.67023554603854
468,4 4,5,GOAL,100,35.80769230769231
469,4 1,5,GOAL,99,35.94243070362474
470,1 6,5,GOAL,100,36.07872340425532
471,5 5,5,GOAL,100,36.21443736730361
472,4 4,5,GOAL,100,36.34957627118644
473,1 1,5,GOAL,98,36.479915433403804
474,1 5,5,GOAL,100,36.61392405063291
475,1 4,5,GOAL,98,36.74315789473684
476,6 4,5,GOAL,100,36.87605042016807
477,3 5,5,GOAL,100,37.0083857442348
478,5 4,5,GOAL,100,37.14016736401673
479,3 2,5,GOAL,100,37.2713987473904
480,1 4,5,GOAL,100,37.40208333333333
481,3 4,5,GOAL,100,37.53222453222453
482,2 1,5,GOAL,100,37.66182572614108
483,2 1,5,GOAL,100,37.79089026915114
484,2 4,5,GOAL,100,37.91942148760331
485,4 4,5,GOAL,100,38.047422680412375
486,3 3,5,GOAL,100,38.174897119341566
487,2 1,5,GOAL,99,38.299794661190965
488,4 5,5,GOAL,100,38.42622950819672
489,3 6,5,GOAL,100,38.5521472392638
490,4 6,5,GOAL,100,38.67755102040816
491,2 3,5,GOAL,100,38.80244399185336
492,2 4,5,GOAL,100,38.926829268292686
493,5 4,5,GOAL,100,39.05070993914807
494,3 6,5,GOAL,100,39.174089068825914
495,2 4,5,GOAL,100,39.2969696969697
496,5 6,5,GOAL,100,39.41935483870968
497,3 3,5,GOAL,100,39.541247484909455
498,1 6,5,GOAL,100,39.66265060240964
499,2 6,5,GOAL,100,39.78356713426854
500,3 1,5,GOAL,100,39.904
501,3 6,5,GOAL,100,40.02395209580838
502,2 6,5,GOAL,100,40.14342629482072
503,4 2,5,GOAL,100,40.262425447316105
504,1 3,5,GOAL,100,40.38095238095238
505,6 1,5,GOAL,100,40.499009900990096
506,2 2,5,GOAL,100,40.616600790513836
507,2 4,5,GOAL,100,40.73372781065089
508,1 1,5,GOAL,100,40.8503937007874
509,1 2,5,GOAL,100,40.96660117878193
510,2 6,5,GOAL,100,41.082352941176474
511,3 6,5,GOAL,100,41.19765166340509
512,1 6,5,GOAL,100,41.3125
513,3 4,5,GOAL,100,41.42690058479532
514,4 2,5,GOAL,100,41.540856031128406
515,3 3,5,GOAL,100,41.654368932038835
516,3 4,5,GOAL,100,41.76744186046512
517,4 1,5,GOAL,100,41.88007736943907
518,6 1,5,GOAL,100,41.99227799227799
519,5 6,5,GOAL,100,42.104046242774565
520,5 4,5,GOAL,100,42.215384615384615
521,1 3,5,GOAL,100,42.326295585412666
522,2 4,5,GOAL,100,42.4367816091954
523,1 4,5,GOAL,100,42.54684512428298
524,5 5,5,GOAL,100,42.656488549618324
525,1 3,5,GOAL,100,42.76571428571429
526,4 2,5,GOAL,100,42.874524714828894
527,2 5,5,GOAL,100,42.98292220113852
528,1 6,5,GOAL,100,43.09090909090909
529,5 1,5,GOAL,100,43.198487712665404
530,6 4,5,GOAL,100,43.30566037735849
531,2 1,5,GOAL,99,43.410546139359695
532,3 5,5,GOAL,100,43.516917293233085
533,1 4,5,GOAL,100,43.62288930581614
534,4 4,5,GOAL,100,43.72846441947566
535,6 1,5,GOAL,100,43.833644859813084
536,6 4,5,GOAL,100,43.9384328358209
537,5 5,5,GOAL,100,44.042830540037244
538,3 6,5,GOAL,98,44.14312267657993
539,5 6,5,GOAL,99,44.244897959183675
540,4 2,5,GOAL,100,44.34814814814815
541,6 4,5,GOAL,100,44.45101663585952
542,6 4,5,GOAL,100,44.55350553505535
543,2 3,5,GOAL,100,44.65561694290976
544,5 3,5,GOAL,100,44.75735294117647
545,3 2,5,GOAL,100,44.85871559633028
546,3 4,5,GOAL,100,44.959706959706956
547,3 6,5,GOAL,100,45.06032906764168
548,5 4,5,GOAL,98,45.15693430656934
549,2 1,5,GOAL,100,45.256830601092894
550,6 6,5,GOAL,100,45.35636363636364
551,3 5,5,GOAL,100,45.455535390199636
552,5 6,5,GOAL,100,45.55434782608695
553,1 3,5,GOAL,100,45.65280289330922
554,6 3,5,GOAL,100,45.75090252707581
555,2 6,5,GOAL,100,45.84864864864865
556,6 1,5,GOAL,100,45.94604316546763
557,1 4,5,GOAL,100,46.04308797127469
558,2 3,5,GOAL,100,46.13978494623656
559,1 6,5,GOAL,100,46.23613595706619
560,2 1,5,GOAL,100,46.332142857142856
561,1 3,5,GOAL,100,46.42780748663102
562,1 6,5,GOAL,100,46.52313167259786
563,3 4,5,GOAL,100,46.61811722912966
564,5 4,5,GOAL,100,46.712765957446805
565,5 1,5,BOUNDARY,-100,46.45309734513275
566,6 2,5,GOAL,100,46.54770318021201
567,5 6,5,GOAL,100,46.641975308641975
568,1 6,5,GOAL,100,46.735915492957744
569,1 2,5,GOAL,100,46.82952548330404
570,3 2,5,GOAL,100,46.92280701754386
571,2 5,5,GOAL,100,47.01576182136603
572,4 5,5,GOAL,100,47.10839160839161
573,3 2,5,GOAL,100,47.20069808027923
574,1 1,5,GOAL,100,47.292682926829265
575,6 2,5,GOAL,100,47.38434782608696
576,4 6,5,GOAL,100,47.47569444444444
577,5 3,5,GOAL,100,47.566724436741765
578,6 5,5,GOAL,100,47.65743944636678
579,3 5,5,GOAL,100,47.747841105354055
580,6 2,5,GOAL,100,47.83793103448276
581,4 5,5,GOAL,100,47.9277108433735
582,6 5,5,GOAL,100,48.017182130584196
583,1 1,5,GOAL,100,48.106346483704975
584,5 2,5,GOAL,100,48.195205479452056
585,5 2,5,GOAL,100,48.28376068376068
586,6 5,5,GOAL,100,48.37201365187713
587,3 6,5,GOAL,100,48.45996592844975
588,6 3,5,GOAL,100,48.54761904761905
589,5 2,5,GOAL,100,48.63497453310696
590,2 3,5,GOAL,100,48.722033898305085
591,6 2,5,GOAL,100,48.8087986463621
592,6 5,5,GOAL,99,48.89358108108108
593,1 2,5,GOAL,99,48.97807757166948
594,4 1,5,GOAL,100,49.063973063973066
595,1 5,5,GOAL,98,49.14621848739496
596,3 2,5,GOAL,100,49.23154362416108
597,6 1,5,GOAL,100,49.31658291457286
598,6 4,5,GOAL,100,49.40133779264214
599,4 4,5,GOAL,97,49.48080133555926
600,5 5,5,GOAL,97,49.56
601,6 2,5,GOAL,100,49.643926788685526
602,5 2,5,GOAL,100,49.72757475083056
603,2 6,5,GOAL,100,49.81094527363184
604,2 2,5,GOAL,100,49.89403973509934
605,5 6,5,GOAL,100,49.97685950413223
606,2 5,5,GOAL,99,50.057755775577554
607,3 5,5,GOAL,100,50.14003294892916
608,6 3,5,GOAL,100,50.22203947368421
609,4 4,5,GOAL,100,50.30377668308703
610,1 4,5,GOAL,100,50.385245901639344
611,4 2,5,GOAL,100,50.46644844517185
612,4 1,5,GOAL,100,50.54738562091503
613,2 2,5,GOAL,100,50.62805872756933
614,2 6,5,GOAL,100,50.70846905537459
615,2 1,5,GOAL,100,50.78861788617886
616,3 6,5,GOAL,100,50.868506493506494
617,6 4,5,GOAL,100,50.94813614262561
618,3 3,5,GOAL,100,51.02750809061489
619,6 5,5,GOAL,100,51.10662358642973
620,1 3,5,GOAL,100,51.185483870967744
621,2 2,5,GOAL,100,51.26409017713365
622,2 6,5,GOAL,100,51.342443729903536
623,4 1,5,GOAL,100,51.42054574638844
624,5 5,5,GOAL,100,51.49839743589744
625,2 4,5,GOAL,100,51.576
626,4 4,5,GOAL,100,51.653354632587856
627,3 1,5,GOAL,100,51.730462519936204
628,5 2,5,GOAL,100,51.80732484076433
629,1 4,5,GOAL,100,51.88394276629571
630,1 2,5,GOAL,100,51.96031746031746
631,1 4,5,GOAL,100,52.0364500792393
632,1 3,5,GOAL,100,52.1123417721519
633,5 2,5,GOAL,100,52.187993680884674
634,3 3,5,GOAL,100,52.26340694006309
635,2 6,5,GOAL,100,52.338582677165356
636,4 5,5,GOAL,100,52.41352201257862
637,6 2,5,GOAL,100,52.48822605965463
638,5 2,5,GOAL,100,52.56269592476489
639,1 6,5,GOAL,100,52.63693270735524
640,6 3,5,GOAL,100,52.7109375
641,1 6,5,GOAL,100,52.78471138845554
642,5 5,5,GOAL,100,52.8582554517134
643,6 6,5,GOAL,100,52.93157076205288
644,1 2,5,GOAL,100,53.004658385093165
645,1 4,5,GOAL,100,53.07751937984496
646,6 6,5,GOAL,100,53.15015479876161
647,5 2,5,GOAL,100,53.222565687789796
648,6 4,5,GOAL,99,53.29320987654321
649,6 1,5,GOAL,100,53.36517719568567
650,1 2,5,GOAL,100,53.43692307692308
651,6 1,5,GOAL,100,53.5084485407066
652,2 1,5,GOAL,99,53.578220858895705
653,1 6,5,GOAL,100,53.64931087289433
654,2 2,5,GOAL,100,53.72018348623853
655,3 6,5,GOAL,100,53.79083969465649
656,2 3,5,GOAL,100,53.861280487804876
657,1 4,5,GOAL,100,53.93150684931507
658,6 5,5,GOAL,100,54.0015197568389
659,5 4,5,GOAL,100,54.071320182094084
660,4 4,5,GOAL,100,54.14090909090909
661,1 1,5,GOAL,100,54.210287443267774
662,3 6,5,GOAL,100,54.279456193353475
663,3 2,5,GOAL,100,54.34841628959276
664,3 3,5,GOAL,100,54.41716867469879
665,6 1,5,GOAL,100,54.48571428571429
666,3 2,5,GOAL,100,54.554054054054056
667,6 5,5,GOAL,100,54.622188905547226
668,3 4,5,GOAL,100,54.69011976047904
669,6 5,5,GOAL,100,54.75784753363229
670,3 4,5,GOAL,100,54.82537313432836
671,3 1,5,GOAL,100,54.89269746646796
672,6 6,5,GOAL,100,54.95982142857143
673,1 2,5,GOAL,100,55.02674591381872
674,5 3,5,GOAL,100,55.09347181008902
675,6 4,5,GOAL,100,55.16
676,3 1,5,GOAL,100,55.226331360946745
677,6 3,5,GOAL,100,55.292466765140325
678,3 4,5,GOAL,100,55.35840707964602
679,2 5,5,GOAL,100,55.424153166421206
680,1 5,5,GOAL,100,55.48970588235294
681,2 5,5,GOAL,100,55.55506607929515
682,4 6,5,GOAL,100,55.62023460410557
683,3 3,5,GOAL,100,55.68521229868228
684,1 5,5,GOAL,100,55.75
685,4 2,5,GOAL,100,55.81459854014599
686,2 1,5,GOAL,100,55.87900874635569
687,4 4,5,GOAL,100,55.943231441048034
688,4 2,5,GOAL,100,56.00726744186046
689,1 3,5,GOAL,100,56.0711175616836
690,4 4,5,GOAL,100,56.13478260869565
691,4 6,5,GOAL,100,56.198263386396526
692,2 4,5,GOAL,100,56.26156069364162
693,5 4,5,GOAL,100,56.324675324675326
694,6 1,5,GOAL,100,56.387608069164266
695,4 1,5,GOAL,100,56.45035971223022
696,6 4,5,GOAL,100,56.51293103448276
697,4 3,5,GOAL,100,56.57532281205165
698,4 3,5,GOAL,100,56.637535816618914
699,6 5,5,GOAL,100,56.69957081545064
700,2 1,5,GOAL,100,56.761428571428574
701,1 4,5,GOAL,100,56.82310984308131
702,5 6,5,GOAL,100,56.88461538461539
703,6 3,5,GOAL,100,56.945945945945944
704,4 6,5,GOAL,100,57.00710227272727
705,5 5,5,GOAL,100,57.06808510638298
706,4 4,5,GOAL,100,57.12889518413598
707,1 6,5,GOAL,100,57.18953323903819
708,6 6,5,GOAL,100,57.25
709,2 1,5,GOAL,100,57.31029619181946
710,2 2,5,GOAL,100,57.37042253521127
711,6 3,5,GOAL,100,57.43037974683544
712,3 6,5,GOAL,100,57.49016853932584
713,5 1,5,GOAL,100,57.549789621318375
714,6 2,5,GOAL,100,57.609243697478995
715,3 6,5,GOAL,100,57.66853146853147
716,4 3,5,GOAL,100,57.727653631284916
717,5 5,5,GOAL,100,57.78661087866109
718,6 2,5,GOAL,100,57.84540389972145
719,2 3,5,GOAL,100,57.90403337969402
720,5 2,5,GOAL,100,57.9625
721,3 6,5,GOAL,100,58.020804438280166
722,5 3,5,GOAL,100,58.078947368421055
723,5 1,5,GOAL,100,58.136929460580916
724,1 1,5,GOAL,99,58.193370165745854
725,4 4,5,GOAL,100,58.25103448275862
726,3 5,5,GOAL,100,58.30853994490358
727,4 3,5,GOAL,100,58.36588720770289
728,2 6,5,GOAL,100,58.42307692307692
729,4 3,5,GOAL,100,58.480109739369
730,3 2,5,GOAL,100,58.536986301369865
731,2 5,5,GOAL,100,58.593707250342
732,1 3,5,GOAL,100,58.650273224043715
733,6 1,5,GOAL,100,58.70668485675307
734,3 4,5,GOAL,100,58.762942779291556
735,4 5,5,GOAL,100,58.819047619047616
736,4 1,5,GOAL,100,58.875
737,5 6,5,GOAL,100,58.93080054274084
738,5 1,5,GOAL,100,58.986449864498645
739,4 4,5,GOAL,100,59.04194857916103
740,3 6,5,GOAL,100,59.097297297297295
741,2 4,5,GOAL,100,59.152496626180834
742,4 3,5,GOAL,100,59.20754716981132
743,5 2,5,GOAL,100,59.26244952893674
744,4 1,5,GOAL,100,59.31720430107527
745,2 4,5,GOAL,100,59.37181208053691
746,1 5,5,GOAL,100,59.42627345844504
747,2 5,5,GOAL,100,59.4805890227577
748,6 4,5,GOAL,100,59.53475935828877
749,1 5,5,GOAL,100,59.58878504672897
750,6 4,5,GOAL,100,59.64266666666666
751,1 3,5,GOAL,100,59.69640479360852
752,6 3,5,GOAL,100,59.75
753,6 5,5,GOAL,100,59.80345285524568
754,4 4,5,GOAL,100,59.856763925729446
755,2 1,5,GOAL,100,59.909933774834435
756,5 3,5,GOAL,100,59.96296296296296
757,2 3,5,GOAL,100,60.015852047556145
758,4 1,5,GOAL,100,60.068601583113455
759,6 6,5,GOAL,100,60.121212121212125
760,4 2,5,GOAL,100,60.17368421052632
761,2 5,5,GOAL,100,60.22601839684626
762,2 5,5,GOAL,100,60.27821522309711
763,2 5,5,GOAL,100,60.330275229357795
764,5 1,5,GOAL,100,60.382198952879584
765,5 3,5,GOAL,100,60.433986928104574
766,3 1,5,GOAL,100,60.485639686684074
767,2 6,5,GOAL,100,60.53715775749674
768,2 3,5,GOAL,100,60.588541666666664
769,6 3,5,GOAL,100,60.63979193758127
770,5 5,5,GOAL,100,60.69090909090909
771,3 1,5,GOAL,100,60.74189364461738
772,1 3,5,GOAL,100,60.79274611398964
773,6 1,5,GOAL,100,60.84346701164295
774,2 3,5,GOAL,100,60.89405684754522
775,1 5,5,GOAL,100,60.94451612903226
776,4 4,5,GOAL,100,60.99484536082474
777,4 6,5,GOAL,100,61.04504504504504
778,3 5,5,GOAL,100,61.095115681233935
779,1 3,5,GOAL,100,61.14505776636714
780,5 5,5,GOAL,100,61.194871794871794
781,5 4,5,GOAL,100,61.24455825864277
782,2 2,5,GOAL,100,61.294117647058826
783,4 3,5,GOAL,100,61.34355044699872
784,2 1,5,GOAL,100,61.392857142857146
785,1 4,5,GOAL,100,61.44203821656051
786,4 2,5,GOAL,100,61.4910941475827
787,5 4,5,GOAL,100,61.54002541296061
788,1 5,5,GOAL,100,61.588832487309645
789,3 5,5,GOAL,100,61.637515842839036
790,5 1,5,GOAL,100,61.68607594936709
791,3 4,5,GOAL,100,61.73451327433628
792,2 1,5,GOAL,100,61.782828282828284
793,4 5,5,GOAL,100,61.83102143757881
794,4 1,5,GOAL,100,61.87909319899244
795,6 6,5,GOAL,100,61.92704402515723
796,6 6,5,GOAL,100,61.97487437185929
797,6 2,5,GOAL,100,62.02258469259724
798,3 3,5,GOAL,100,62.07017543859649
799,4 5,5,GOAL,100,62.11764705882353
800,2 2,5,GOAL,100,62.165
801,5 3,5,GOAL,100,62.21223470661673
802,4 2,5,GOAL,100,62.25935162094763
803,2 3,5,GOAL,100,62.30635118306351
804,4 3,5,GOAL,100,62.353233830845774
805,1 1,5,GOAL,100,62.4
806,6 3,5,GOAL,100,62.44665012406948
807,6 6,5,GOAL,100,62.493184634448575
808,4 1,5,GOAL,100,62.539603960396036
809,3 5,5,GOAL,100,62.585908529048204
810,4 5,5,GOAL,100,62.6320987654321
811,6 6,5,GOAL,100,62.67817509247842
812,6 6,5,GOAL,100,62.724137931034484
813,6 4,5,GOAL,100,62.769987699877
814,1 3,5,GOAL,99,62.81449631449632
815,5 6,5,GOAL,100,62.8601226993865
816,6 1,5,GOAL,100,62.90563725490196
817,6 1,5,GOAL,100,62.95104039167687
818,5 5,5,GOAL,100,62.99633251833741
819,5 5,5,GOAL,100,63.04151404151404
820,6 3,5,GOAL,100,63.08658536585366
821,6 5,5,GOAL,100,63.13154689403167
822,1 6,5,GOAL,100,63.17639902676399
823,4 3,5,GOAL,100,63.22114216281896
824,1 5,5,GOAL,100,63.265776699029125
825,4 6,5,GOAL,100,63.31030303030303
826,5 2,5,GOAL,100,63.35472154963681
827,3 6,5,GOAL,100,63.399032648125754
828,6 3,5,GOAL,100,63.443236714975846
829,4 1,5,GOAL,100,63.48733413751508
830,2 6,5,GOAL,100,63.53132530120482
831,6 5,5,GOAL,100,63.57521058965102
832,3 4,5,GOAL,100,63.61899038461539
833,6 5,5,GOAL,100,63.66266506602641
834,3 5,5,GOAL,100,63.70623501199041
835,6 4,5,GOAL,100,63.7497005988024
836,4 4,5,GOAL,100,63.79306220095694
837,4 4,5,GOAL,100,63.8363201911589
838,5 3,5,GOAL,98,63.87708830548926
839,4 3,5,GOAL,100,63.92014302741359
840,5 1,5,GOAL,100,63.963095238095235
841,4 6,5,GOAL,100,64.00594530321047
842,6 6,5,GOAL,100,64.04869358669833
843,6 1,5,GOAL,100,64.09134045077106
844,4 4,5,GOAL,100,64.13388625592417
845,3 4,5,GOAL,100,64.17633136094675
846,5 5,5,GOAL,100,64.21867612293144
847,2 2,5,GOAL,100,64.26092089728454
848,2 4,5,GOAL,100,64.30306603773585
849,1 1,5,GOAL,100,64.34511189634864
850,6 4,5,GOAL,100,64.38705882352942
851,2 4,5,GOAL,100,64.4289071680376
852,1 1,5,GOAL,100,64.47065727699531
853,4 5,5,GOAL,100,64.51230949589683
854,6 2,5,GOAL,100,64.55386416861826
855,5 3,5,GOAL,100,64.5953216374269
856,4 4,5,GOAL,100,64.63668224299066
857,2 2,5,GOAL,100,64.67794632438739
858,4 4,5,GOAL,100,64.71911421911422
859,6 2,5,GOAL,100,64.76018626309663
860,2 4,5,GOAL,100,64.80116279069767
861,4 4,5,GOAL,100,64.84204413472706
862,6 2,5,GOAL,100,64.88283062645012
863,2 3,5,GOAL,100,64.92352259559675
864,4 1,5,GOAL,100,64.96412037037037
865,2 3,5,GOAL,100,65.00462427745664
866,1 5,5,GOAL,100,65.04503464203233
867,3 1,5,GOAL,100,65.08535178777393
868,5 6,5,GOAL,100,65.12557603686636
869,2 3,5,GOAL,99,65.16455696202532
870,4 4,5,GOAL,100,65.20459770114942
871,2 4,5,GOAL,100,65.24454649827784
872,5 4,5,GOAL,100,65.28440366972477
873,2 6,5,GOAL,100,65.32416953035509
874,5 4,5,GOAL,100,65.36384439359267
875,4 5,5,GOAL,100,65.40342857142858
876,1 3,5,GOAL,99,65.4417808219178
877,1 2,5,GOAL,100,65.4811858608894
878,5 3,5,GOAL,100,65.52050113895217
879,6 4,5,GOAL,100,65.55972696245733
880,2 1,5,GOAL,100,65.59886363636363
881,2 6,5,GOAL,100,65.63791146424518
882,4 1,5,GOAL,100,65.67687074829932
883,1 2,5,GOAL,100,65.71574178935447
884,5 3,5,GOAL,100,65.75452488687783
885,2 6,5,GOAL,100,65.79322033898305
886,2 5,5,GOAL,100,65.83182844243792
887,6 5,5,GOAL,100,65.87034949267193
888,2 6,5,GOAL,100,65.90878378378379
889,4 3,5,GOAL,100,65.94713160854893
890,3 6,5,GOAL,100,65.98539325842697
891,5 5,5,GOAL,100,66.02356902356902
892,2 6,5,GOAL,100,66.06165919282512
893,5 6,5,GOAL,100,66.0996640537514
894,1 6,5,GOAL,100,66.13758389261746
895,1 2,5,GOAL,99,66.17430167597766
896,2 1,5,GOAL,100,66.21205357142857
897,2 1,5,GOAL,100,66.24972129319956
898,6 1,5,GOAL,100,66.28730512249443
899,6 3,5,GOAL,100,66.32480533926585
900,3 3,5,GOAL,100,66.36222222222223
901,6 3,5,GOAL,98,66.39733629300777
902,1 4,5,GOAL,100,66.43458980044346
903,3 5,5,GOAL,100,66.4717607973422
904,1 5,5,GOAL,100,66.50884955752213
905,1 3,5,GOAL,100,66.54585635359116
906,3 3,5,GOAL,100,66.58278145695364
907,4 1,5,GOAL,100,66.61962513781698
908,5 6,5,GOAL,100,66.65638766519824
909,1 4,5,GOAL,100,66.6930693069307
910,4 3,5,GOAL,100,66.72967032967033
911,4 6,5,GOAL,100,66.7661909989023
912,6 1,5,GOAL,100,66.80263157894737
913,3 4,5,GOAL,100,66.83899233296823
914,6 3,5,GOAL,100,66.87527352297593
915,6 5,5,GOAL,100,66.91147540983607
916,2 3,5,GOAL,100,66.9475982532751
917,3 4,5,GOAL,100,66.98364231188658
918,6 5,5,GOAL,100,67.01960784313725
919,1 1,5,GOAL,100,67.05549510337323
920,6 3,5,GOAL,100,67.09130434782608
921,6 6,5,GOAL,100,67.1270358306189
922,4 4,5,GOAL,100,67.16268980477223
923,3 2,5,GOAL,100,67.19826652221019
924,1 1,5,GOAL,99,67.23268398268398
925,5 4,5,GOAL,100,67.26810810810811
926,3 4,5,GOAL,100,67.30345572354211
927,3 3,5,GOAL,100,67.33872707659116
928,5 6,5,GOAL,100,67.37392241379311
929,4 3,5,GOAL,100,67.40904198062432
930,6 3,5,GOAL,100,67.44408602150537
931,3 3,5,GOAL,100,67.47905477980666
932,2 1,5,GOAL,100,67.51394849785407
933,1 3,5,GOAL,100,67.54876741693462
934,4 5,5,GOAL,100,67.58351177730192
935,2 2,5,GOAL,100,67.61818181818182
936,1 3,5,GOAL,100,67.65277777777777
937,6 1,5,GOAL,100,67.68729989327642
938,2 6,5,GOAL,100,67.72174840085287
939,5 1,5,GOAL,100,67.75612353567625
940,2 5,5,GOAL,100,67.79042553191489
941,1 6,5,GOAL,100,67.82465462274176
942,4 4,5,GOAL,100,67.8588110403397
943,4 2,5,GOAL,100,67.89289501590667
944,6 3,5,GOAL,100,67.92690677966101
945,2 6,5,GOAL,100,67.96084656084656
946,5 6,5,GOAL,100,67.99471458773785
947,6 4,5,GOAL,100,68.0285110876452
948,4 3,5,GOAL,100,68.06223628691983
949,1 4,5,GOAL,100,68.0958904109589
950,4 2,5,GOAL,100,68.12947368421052
951,3 5,5,GOAL,100,68.16298633017875
952,3 6,5,GOAL,100,68.19642857142857
953,4 2,5,GOAL,100,68.22980062959077
954,5 3,5,GOAL,100,68.26310272536688
955,4 1,5,GOAL,99,68.29528795811518
956,3 4,5,GOAL,100,68.32845188284519
957,6 6,5,GOAL,100,68.36154649947754
958,1 2,5,GOAL,100,68.3945720250522
959,4 4,5,GOAL,100,68.42752867570385
960,4 5,5,GOAL,100,68.46041666666666
961,5 2,5,GOAL,100,68.49323621227887
962,4 1,5,GOAL,100,68.52598752598753
963,1 4,5,GOAL,100,68.55867082035306
964,5 2,5,GOAL,100,68.59128630705395
965,1 5,5,GOAL,100,68.6238341968912
966,5 1,5,GOAL,100,68.65631469979296
967,3 1,5,GOAL,100,68.68872802481903
968,1 1,5,GOAL,100,68.72107438016529
969,1 3,5,GOAL,100,68.75335397316822
970,4 2,5,GOAL,100,68.78556701030928
971,3 2,5,GOAL,100,68.81771369721936
972,5 1,5,GOAL,100,68.84979423868313
973,5 6,5,GOAL,100,68.88180883864337
974,4 4,5,GOAL,100,68.91375770020534
975,4 1,5,GOAL,100,68.94564102564102
976,4 6,5,GOAL,100,68.97745901639344
977,1 3,5,GOAL,100,69.00921187308086
978,5 5,5,GOAL,100,69.04089979550102
979,1 6,5,GOAL,100,69.07252298263535
980,4 6,5,GOAL,100,69.10408163265306
981,5 3,5,GOAL,100,69.1355759429154
982,3 2,5,GOAL,100,69.16700610997964
983,5 2,5,GOAL,100,69.19837232960326
984,6 2,5,GOAL,100,69.22967479674797
985,2 6,5,GOAL,100,69.26091370558376
986,4 3,5,GOAL,100,69.2920892494929
987,4 6,5,GOAL,100,69.32320162107396
988,1 5,5,GOAL,100,69.35425101214575
989,6 1,5,GOAL,100,69.38523761375126
990,2 2,5,GOAL,100,69.41616161616162
991,5 2,5,GOAL,100,69.44702320887991
992,5 5,5,GOAL,100,69.47782258064517
993,4 4,5,GOAL,100,69.50855991943605
994,6 1,5,GOAL,100,69.53923541247485
995,2 1,5,GOAL,99,69.56884422110552
996,3 1,5,GOAL,97,69.59638554216868
997,6 1,5,GOAL,100,69.62688064192578
998,3 2,5,GOAL,100,69.65731462925852
999,2 3,5,GOAL,100,69.68768768768768
1000,3 6,5,GOAL,100,69.718
